Feature,Normalized
STU vR,0.11350552
PBABIP vL,0.09046112
CT,0.08095705
CON vL.1,0.0751054
CON vR.1,0.067677945
SP,0.05577333
FO,0.05466289
MOV vR,0.04379509
CH,0.043344498
HRR vR,0.039434724
STM,0.038259353
HRR vL,0.038173854
VELO,0.037685726
MOV vL,0.03289244
FB,0.031837057
SL,0.030679818
STU vL,0.028716054
PIT,0.027939912
CB,0.019547254
KN,0.018716771
PBABIP vR,0.01685722
SI,0.013977018
KC,0.0
CC,0.0
SC,0.0
