Feature,Normalized
MOV vL,0.07687268
CON vR.1,0.071229726
STU vR,0.06453847
STM,0.061591383
PIT,0.047923233
SP,0.046915635
FB,0.044973973
CON vL.1,0.044656288
HRR vL,0.044014093
CB,0.042299263
SL,0.041537337
PBABIP vR,0.04065393
MOV vR,0.038736444
CH,0.03816716
HLD,0.036684547
HRR vR,0.036675163
PBABIP vL,0.03142183
VELO,0.03126102
SI,0.030154403
STU vL,0.029457776
CT,0.028071716
CC,0.027568715
SC,0.017736943
FO,0.017439937
KC,0.009418315
KN,0.0
