Feature,Normalized
MOV vR,0.18983038
CON vR.1,0.10304142
PIT,0.077929236
STU vR,0.07596143
CON vL.1,0.04462949
STU vL,0.044027556
MOV vL,0.04093943
HRR vL,0.04043319
VELO,0.034011796
FB,0.033700846
CC,0.031578206
HRR vR,0.02917638
CB,0.027572362
CT,0.027570074
SI,0.026069269
SL,0.025035443
PBABIP vL,0.022949532
HLD,0.022763984
PBABIP vR,0.021785839
SP,0.02069642
STM,0.019081758
CH,0.017884696
SC,0.010411897
KC,0.0070859394
KN,0.0032516208
FO,0.002581817
